{
  "name": "Obtener valores de API Programas",
  "nodes": [
    {
      "parameters": {
        "values": {
          "number": [
            {
              "name": "page",
              "value": 1
            }
          ]
        },
        "options": {}
      },
      "id": "1dc33778-d374-4cec-bc3d-635604a4638a",
      "name": "Set Page = 1",
      "type": "n8n-nodes-base.set",
      "typeVersion": 1,
      "position": [
        3380,
        2720
      ]
    },
    {
      "parameters": {
        "url": "https://www.uexternado.edu.co/wp-json/programas/v1/programas",
        "options": {
          "fullResponse": true
        },
        "queryParametersUi": {
          "parameter": [
            {
              "name": "per_page",
              "value": "50"
            },
            {
              "name": "page",
              "value": "={{$json[\"page\"]}}"
            }
          ]
        }
      },
      "id": "684cd596-b4b5-448c-aede-7dee50b1c5c3",
      "name": "Get Posts",
      "type": "n8n-nodes-base.httpRequest",
      "typeVersion": 1,
      "position": [
        3600,
        2720
      ]
    },
    {
      "parameters": {
        "functionCode": "const programas = items[0].json.body.programas;\n\nreturn programas.map(programa => {\n  return {\n    json: {\n      id: programa.id,\n      title: programa.title,\n      excerpt: programa.excerpt,\n      link: programa.link,\n      taxonomies: {\n        ciudades: \n          programa.taxonomies.ciudades[0],\n        niveles_academicos:   programa.taxonomies.niveles_academicos[0]\n      },\n      metodologia: programa.meta\n    }\n  };\n});"
      },
      "id": "c52e62ae-86a2-4e9c-b11d-46ff07043957",
      "name": "Extract Posts + Headers",
      "type": "n8n-nodes-base.function",
      "typeVersion": 1,
      "position": [
        3820,
        2660
      ]
    },
    {
      "parameters": {},
      "id": "cf906e83-5b6e-4d3a-895a-1029cda3e4e0",
      "name": "Merge Posts",
      "type": "n8n-nodes-base.merge",
      "typeVersion": 1,
      "position": [
        4040,
        2660
      ]
    },
    {
      "parameters": {
        "conditions": {
          "number": [
            {
              "value1": "={{$json[\"headers\"][\"x-wp-totalpages\"]}}",
              "operation": "larger",
              "value2": "={{$json[\"page\"]}}"
            }
          ]
        }
      },
      "id": "b05bbfe2-a767-42b1-9f89-6845898c18c8",
      "name": "Check Next Page",
      "type": "n8n-nodes-base.if",
      "typeVersion": 1,
      "position": [
        4260,
        2660
      ]
    },
    {
      "parameters": {
        "values": {
          "number": [
            {
              "name": "page",
              "value": "={{$json[\"page\"] + 1}}"
            }
          ]
        },
        "options": {}
      },
      "id": "d9444551-d715-4e47-b216-fb75d167e282",
      "name": "Increment Page",
      "type": "n8n-nodes-base.set",
      "typeVersion": 1,
      "position": [
        4480,
        2660
      ]
    },
    {
      "parameters": {},
      "id": "fcf8a977-7a75-4947-81ce-90923ae0c461",
      "name": "Done",
      "type": "n8n-nodes-base.noOp",
      "typeVersion": 1,
      "position": [
        4480,
        2860
      ]
    },
    {
      "parameters": {
        "content": "## Get Posts\n### http request\n\n✉ Descripción general\nEste workflow se conecta a la API de WordPress de https://beta.uexternado.edu.co/wp-json/wp/v2/posts para obtener todos \nlos posts disponibles, manejando la paginación de manera automática mediante un loop que itera hasta que se hayan obtenido \ntodas las páginas de resultados.\n\n⚙ Funcionamiento paso a paso\n1️⃣ Manual Trigger: Permite ejecutar el flujo manualmente para pruebas.\n2️⃣ Set Page = 1: Inicializa el número de página en 1.\n3️⃣ Get Posts: Realiza el HTTP Request a la API de WordPress, con los parámetros per_page=100 y page=N.\n4️⃣ Extract Posts + Headers: Separa los posts de la respuesta y conserva los headers para conocer X-WP-TotalPages.\n5️⃣ Merge Posts: Acumula los posts obtenidos en cada iteración para procesarlos todos juntos al final.\n6️⃣ Check Next Page: Evalúa si hay más páginas comparando el número de página actual con X-WP-TotalPages.\n7️⃣ Increment Page: Aumenta el número de página en 1 si hay más páginas.\n8️⃣ Loop al Get Posts: Si hay más páginas, se repite el HTTP Request.\n9️⃣ Done (NoOp): Finaliza el flujo cuando se han obtenido todos los posts.\n\n",
        "height": 440,
        "width": 960
      },
      "type": "n8n-nodes-base.stickyNote",
      "position": [
        1420,
        820
      ],
      "typeVersion": 1,
      "id": "19f3cbd8-c3bb-40ee-ab31-e68e176d61b7",
      "name": "Sticky Note"
    },
    {
      "parameters": {
        "mode": "insert",
        "pineconeIndex": {
          "__rl": true,
          "value": "programas",
          "mode": "list",
          "cachedResultName": "programas"
        },
        "embeddingBatchSize": 500,
        "options": {}
      },
      "type": "@n8n/n8n-nodes-langchain.vectorStorePinecone",
      "typeVersion": 1.3,
      "position": [
        4700,
        2860
      ],
      "id": "8221db53-0831-414c-9df9-4ab7a3654de8",
      "name": "Pinecone Vector Store",
      "credentials": {
        "pineconeApi": {
          "id": "lHRm9yVKBnEl38Zl",
          "name": "PineconeApi Simian"
        }
      }
    },
    {
      "parameters": {
        "textSplittingMode": "custom",
        "options": {
          "metadata": {
            "metadataValues": [
              {
                "name": "=Ciudades",
                "value": "={{ $('Done').item.json.taxonomies.ciudades.name }}"
              },
              {
                "name": "Descripción",
                "value": "={{ $('Done').item.json.excerpt }}"
              },
              {
                "name": "=Nivel academico",
                "value": "={{ $('Done').item.json.taxonomies.niveles_academicos.name }}"
              },
              {
                "name": "=Duración",
                "value": "={{ $('Done').item.json.metodologia.duracion_formal }}"
              },
              {
                "name": "Información Adicional",
                "value": "={{ $('Done').item.json.metodologia.alerta_programa }}"
              },
              {
                "name": "Enlace ",
                "value": "={{ $('Done').item.json.link }}"
              },
              {
                "name": "Nombre del programa",
                "value": "={{ $('Done').item.json.title }}"
              }
            ]
          }
        }
      },
      "type": "@n8n/n8n-nodes-langchain.documentDefaultDataLoader",
      "typeVersion": 1.1,
      "position": [
        4820,
        3080
      ],
      "id": "7ccf686d-5d01-4aa5-bf5a-51781a993512",
      "name": "Default Data Loader"
    },
    {
      "parameters": {
        "options": {}
      },
      "type": "@n8n/n8n-nodes-langchain.embeddingsOpenAi",
      "typeVersion": 1.2,
      "position": [
        4700,
        3080
      ],
      "id": "0e2d7008-90ba-46e6-895f-be6340010d59",
      "name": "Embeddings OpenAI",
      "credentials": {
        "openAiApi": {
          "id": "atjfSu2fQ4cSft4T",
          "name": "OpenAi account 2"
        }
      }
    },
    {
      "parameters": {
        "chunkOverlap": 200,
        "options": {}
      },
      "type": "@n8n/n8n-nodes-langchain.textSplitterRecursiveCharacterTextSplitter",
      "typeVersion": 1,
      "position": [
        4900,
        3280
      ],
      "id": "8a8a71f8-1b98-41a2-bc2a-5a3d7cacaf26",
      "name": "Recursive Character Text Splitter"
    },
    {
      "parameters": {
        "jsCode": "const eventos = items[0].json.body.elementos;\n\nreturn eventos.map(evento => {\n  return {\n    json: {\n      id: evento.ID,\n      title: evento.titulo,\n      url: evento.url,\n      descripcion: evento.descripcion\n    }\n  };\n});\n\n\n\n\n\n\n"
      },
      "type": "n8n-nodes-base.code",
      "typeVersion": 2,
      "position": [
        1200,
        2580
      ],
      "id": "d4f3c92c-6b7e-494e-a165-d5c81d9a58ac",
      "name": "Code"
    },
    {
      "parameters": {
        "chunkOverlap": 200,
        "options": {}
      },
      "type": "@n8n/n8n-nodes-langchain.textSplitterRecursiveCharacterTextSplitter",
      "typeVersion": 1,
      "position": [
        2360,
        3220
      ],
      "id": "a2bb16e3-9256-4314-8c87-8741de8f3ba9",
      "name": "Recursive Character Text Splitter1"
    },
    {
      "parameters": {
        "options": {}
      },
      "type": "@n8n/n8n-nodes-langchain.embeddingsOpenAi",
      "typeVersion": 1.2,
      "position": [
        2000,
        3040
      ],
      "id": "ec66747b-f815-4335-bb33-3844eeef8e62",
      "name": "Embeddings OpenAI1",
      "credentials": {
        "openAiApi": {
          "id": "atjfSu2fQ4cSft4T",
          "name": "OpenAi account 2"
        }
      }
    },
    {
      "parameters": {
        "textSplittingMode": "custom",
        "options": {
          "metadata": {
            "metadataValues": [
              {
                "name": "id",
                "value": "={{ $('Done1').item.json.id }}"
              },
              {
                "name": "titulo",
                "value": "={{ $('Done1').item.json.title }}"
              },
              {
                "name": "url",
                "value": "={{ $('Done1').item.json.url }}"
              },
              {
                "name": "descripcion",
                "value": "={{ $('Done1').item.json.descripcion }}"
              }
            ]
          }
        }
      },
      "type": "@n8n/n8n-nodes-langchain.documentDefaultDataLoader",
      "typeVersion": 1.1,
      "position": [
        2280,
        3020
      ],
      "id": "e42f0ceb-7949-4dec-9273-3aa8a00c5c1c",
      "name": "Default Data Loader1"
    },
    {
      "parameters": {
        "mode": "insert",
        "pineconeIndex": {
          "__rl": true,
          "value": "eventos",
          "mode": "list",
          "cachedResultName": "eventos"
        },
        "embeddingBatchSize": 500,
        "options": {}
      },
      "type": "@n8n/n8n-nodes-langchain.vectorStorePinecone",
      "typeVersion": 1.3,
      "position": [
        2240,
        2800
      ],
      "id": "52084300-e464-422e-bc29-5e399f6ce154",
      "name": "Pinecone Vector Store1",
      "credentials": {
        "pineconeApi": {
          "id": "lHRm9yVKBnEl38Zl",
          "name": "PineconeApi Simian"
        }
      }
    },
    {
      "parameters": {},
      "id": "7f689945-931b-4e73-a160-ebffd5175d65",
      "name": "Done1",
      "type": "n8n-nodes-base.noOp",
      "typeVersion": 1,
      "position": [
        1940,
        2800
      ]
    },
    {
      "parameters": {
        "values": {
          "number": [
            {
              "name": "page",
              "value": "={{$json[\"page\"] + 1}}"
            }
          ]
        },
        "options": {}
      },
      "id": "7eebdb19-cfb5-46ed-995f-b1a93ba4dd3f",
      "name": "Increment Page1",
      "type": "n8n-nodes-base.set",
      "typeVersion": 1,
      "position": [
        1940,
        2600
      ]
    },
    {
      "parameters": {
        "conditions": {
          "number": [
            {
              "value1": "={{$json[\"headers\"][\"x-wp-totalpages\"]}}",
              "operation": "larger",
              "value2": "={{$json[\"page\"]}}"
            }
          ]
        }
      },
      "id": "9494c43e-36ef-4ed2-aa81-5307147a677c",
      "name": "Check Next Page1",
      "type": "n8n-nodes-base.if",
      "typeVersion": 1,
      "position": [
        1720,
        2600
      ]
    },
    {
      "parameters": {},
      "id": "e239b6fe-77f5-45c6-8e9a-e733e8cf1444",
      "name": "Merge Posts1",
      "type": "n8n-nodes-base.merge",
      "typeVersion": 1,
      "position": [
        1500,
        2600
      ]
    },
    {
      "parameters": {
        "url": "https://www.uexternado.edu.co/wp-json/uexternado/api/eventosuexternado",
        "options": {
          "fullResponse": true
        },
        "queryParametersUi": {
          "parameter": [
            {
              "name": "per_page",
              "value": "10"
            }
          ]
        }
      },
      "id": "efb1244e-758f-4061-a84c-caf7d1c3432c",
      "name": "Get Posts1",
      "type": "n8n-nodes-base.httpRequest",
      "typeVersion": 1,
      "position": [
        920,
        2640
      ]
    },
    {
      "parameters": {
        "values": {
          "number": [
            {
              "name": "page",
              "value": 1
            }
          ]
        },
        "options": {}
      },
      "id": "2fd6710a-f1f7-4e39-a17e-e0d8932db873",
      "name": "Set Page = ",
      "type": "n8n-nodes-base.set",
      "typeVersion": 1,
      "position": [
        620,
        2660
      ]
    },
    {
      "parameters": {},
      "id": "5a1e1556-3fc7-488d-99d2-f8e5ce204469",
      "name": "Manual Trigger",
      "type": "n8n-nodes-base.manualTrigger",
      "typeVersion": 1,
      "position": [
        1100,
        3040
      ]
    },
    {
      "parameters": {
        "amount": 15
      },
      "type": "n8n-nodes-base.wait",
      "typeVersion": 1.1,
      "position": [
        2900,
        2760
      ],
      "id": "7eb9913f-69a2-480e-a8fb-ebd239124941",
      "name": "Wait",
      "webhookId": "87253afa-797f-458b-a26f-dfeb9edeffcc"
    },
    {
      "parameters": {
        "content": "## Programas",
        "height": 80,
        "width": 160,
        "color": 3
      },
      "type": "n8n-nodes-base.stickyNote",
      "position": [
        3380,
        2540
      ],
      "typeVersion": 1,
      "id": "ec7b7268-1517-4137-813c-8c246ff82fa9",
      "name": "Sticky Note1"
    },
    {
      "parameters": {
        "content": "##Eventos",
        "height": 80,
        "width": 150,
        "color": 5
      },
      "type": "n8n-nodes-base.stickyNote",
      "position": [
        940,
        2460
      ],
      "typeVersion": 1,
      "id": "aef4258e-b979-4b51-8c72-d3d3c121288c",
      "name": "Sticky Note2"
    },
    {
      "parameters": {
        "jsCode": "const posts = items[0].json.body;\n\nreturn posts.map(post => {\n  return {\n    json: {\n      id: post.id,\n      title: post.title.rendered,\n      link: post.link,\n      content: post.content.rendered,\n      excerpt: post.excerpt.rendered,\n      categories: post.categories\n    }\n  };\n});\n\n\n\n\n\n\n"
      },
      "type": "n8n-nodes-base.code",
      "typeVersion": 2,
      "position": [
        800,
        3880
      ],
      "id": "38cade5a-8aa7-42ac-9f48-35ca9076344c",
      "name": "Code1"
    },
    {
      "parameters": {
        "chunkOverlap": 200,
        "options": {}
      },
      "type": "@n8n/n8n-nodes-langchain.textSplitterRecursiveCharacterTextSplitter",
      "typeVersion": 1,
      "position": [
        1960,
        4520
      ],
      "id": "5c590cd8-3e1c-4348-a134-d2131c8e70ff",
      "name": "Recursive Character Text Splitter2"
    },
    {
      "parameters": {
        "options": {}
      },
      "type": "@n8n/n8n-nodes-langchain.embeddingsOpenAi",
      "typeVersion": 1.2,
      "position": [
        1600,
        4340
      ],
      "id": "94c540f1-7097-407e-b05c-4ed438ee9781",
      "name": "Embeddings OpenAI2",
      "credentials": {
        "openAiApi": {
          "id": "atjfSu2fQ4cSft4T",
          "name": "OpenAi account 2"
        }
      }
    },
    {
      "parameters": {
        "textSplittingMode": "custom",
        "options": {
          "metadata": {
            "metadataValues": [
              {
                "name": "id",
                "value": "={{ $('Done2').item.json.id }}"
              },
              {
                "name": "titulo",
                "value": "={{ $('Done2').item.json.title }}"
              },
              {
                "name": "link",
                "value": "={{ $('Done2').item.json.link }}"
              },
              {
                "name": "content",
                "value": "={{ $('Done2').item.json.content }}"
              },
              {
                "name": "category",
                "value": "={{ $('Done2').item.json.categories[0].name }}"
              }
            ]
          }
        }
      },
      "type": "@n8n/n8n-nodes-langchain.documentDefaultDataLoader",
      "typeVersion": 1.1,
      "position": [
        1880,
        4320
      ],
      "id": "2f60bbb2-5365-4add-96af-eb670516b725",
      "name": "Default Data Loader2"
    },
    {
      "parameters": {
        "mode": "insert",
        "pineconeIndex": {
          "__rl": true,
          "value": "noticias",
          "mode": "list",
          "cachedResultName": "noticias"
        },
        "embeddingBatchSize": 500,
        "options": {}
      },
      "type": "@n8n/n8n-nodes-langchain.vectorStorePinecone",
      "typeVersion": 1.3,
      "position": [
        1840,
        4100
      ],
      "id": "afdd89f3-369f-4e3f-87c6-ae37265be605",
      "name": "Pinecone Vector Store2",
      "credentials": {
        "pineconeApi": {
          "id": "lHRm9yVKBnEl38Zl",
          "name": "PineconeApi Simian"
        }
      }
    },
    {
      "parameters": {},
      "id": "8eee3142-9c8c-4d07-a3b0-e07d01dd7694",
      "name": "Done2",
      "type": "n8n-nodes-base.noOp",
      "typeVersion": 1,
      "position": [
        1540,
        4100
      ]
    },
    {
      "parameters": {
        "values": {
          "number": [
            {
              "name": "page",
              "value": "={{$json[\"page\"] + 1}}"
            }
          ]
        },
        "options": {}
      },
      "id": "770ba63a-9e09-4c21-b239-a772822eaf96",
      "name": "Increment Page2",
      "type": "n8n-nodes-base.set",
      "typeVersion": 1,
      "position": [
        1540,
        3900
      ]
    },
    {
      "parameters": {
        "conditions": {
          "number": [
            {
              "value1": "={{$json[\"headers\"][\"x-wp-totalpages\"]}}",
              "operation": "larger",
              "value2": "={{$json[\"page\"]}}"
            }
          ]
        }
      },
      "id": "43d15843-c89a-4f9d-aca1-4c6589f54e85",
      "name": "Check Next Page2",
      "type": "n8n-nodes-base.if",
      "typeVersion": 1,
      "position": [
        1320,
        3900
      ]
    },
    {
      "parameters": {},
      "id": "22a624f3-136f-4937-b742-8ffeae77b912",
      "name": "Merge Posts2",
      "type": "n8n-nodes-base.merge",
      "typeVersion": 1,
      "position": [
        1100,
        3900
      ]
    },
    {
      "parameters": {
        "url": "https://beta.uexternado.edu.co/wp-json/wp/v2/posts",
        "options": {
          "fullResponse": true
        },
        "queryParametersUi": {
          "parameter": [
            {
              "name": "per_page",
              "value": "10"
            }
          ]
        }
      },
      "id": "28b11e2e-7616-48b4-915e-81390c6ccc6c",
      "name": "Get Posts2",
      "type": "n8n-nodes-base.httpRequest",
      "typeVersion": 1,
      "position": [
        520,
        3940
      ]
    },
    {
      "parameters": {
        "values": {
          "number": [
            {
              "name": "page",
              "value": 1
            }
          ]
        },
        "options": {}
      },
      "id": "3b37d3ae-9327-4de9-b08f-ce058ec8aa87",
      "name": "Set Page = 2",
      "type": "n8n-nodes-base.set",
      "typeVersion": 1,
      "position": [
        220,
        3960
      ]
    },
    {
      "parameters": {
        "content": "##Eventos",
        "height": 80,
        "width": 150,
        "color": 5
      },
      "type": "n8n-nodes-base.stickyNote",
      "position": [
        540,
        3760
      ],
      "typeVersion": 1,
      "id": "cb4e0e39-3f6a-4b4a-a5a1-f3ea46440ed0",
      "name": "Sticky Note3"
    }
  ],
  "connections": {
    "Set Page = 1": {
      "main": [
        [
          {
            "node": "Get Posts",
            "type": "main",
            "index": 0
          }
        ]
      ]
    },
    "Get Posts": {
      "main": [
        [
          {
            "node": "Extract Posts + Headers",
            "type": "main",
            "index": 0
          }
        ]
      ]
    },
    "Extract Posts + Headers": {
      "main": [
        [
          {
            "node": "Merge Posts",
            "type": "main",
            "index": 0
          }
        ]
      ]
    },
    "Merge Posts": {
      "main": [
        [
          {
            "node": "Check Next Page",
            "type": "main",
            "index": 0
          }
        ]
      ]
    },
    "Check Next Page": {
      "main": [
        [
          {
            "node": "Increment Page",
            "type": "main",
            "index": 0
          }
        ],
        [
          {
            "node": "Done",
            "type": "main",
            "index": 0
          }
        ]
      ]
    },
    "Increment Page": {
      "main": [
        [
          {
            "node": "Get Posts",
            "type": "main",
            "index": 0
          }
        ]
      ]
    },
    "Done": {
      "main": [
        [
          {
            "node": "Pinecone Vector Store",
            "type": "main",
            "index": 0
          }
        ]
      ]
    },
    "Default Data Loader": {
      "ai_document": [
        [
          {
            "node": "Pinecone Vector Store",
            "type": "ai_document",
            "index": 0
          }
        ]
      ]
    },
    "Embeddings OpenAI": {
      "ai_embedding": [
        [
          {
            "node": "Pinecone Vector Store",
            "type": "ai_embedding",
            "index": 0
          }
        ]
      ]
    },
    "Recursive Character Text Splitter": {
      "ai_textSplitter": [
        [
          {
            "node": "Default Data Loader",
            "type": "ai_textSplitter",
            "index": 0
          }
        ]
      ]
    },
    "Code": {
      "main": [
        [
          {
            "node": "Merge Posts1",
            "type": "main",
            "index": 0
          }
        ]
      ]
    },
    "Recursive Character Text Splitter1": {
      "ai_textSplitter": [
        [
          {
            "node": "Default Data Loader1",
            "type": "ai_textSplitter",
            "index": 0
          }
        ]
      ]
    },
    "Embeddings OpenAI1": {
      "ai_embedding": [
        [
          {
            "node": "Pinecone Vector Store1",
            "type": "ai_embedding",
            "index": 0
          }
        ]
      ]
    },
    "Default Data Loader1": {
      "ai_document": [
        [
          {
            "node": "Pinecone Vector Store1",
            "type": "ai_document",
            "index": 0
          }
        ]
      ]
    },
    "Increment Page1": {
      "main": [
        [
          {
            "node": "Get Posts1",
            "type": "main",
            "index": 0
          }
        ]
      ]
    },
    "Check Next Page1": {
      "main": [
        [
          {
            "node": "Increment Page1",
            "type": "main",
            "index": 0
          }
        ],
        [
          {
            "node": "Done1",
            "type": "main",
            "index": 0
          }
        ]
      ]
    },
    "Merge Posts1": {
      "main": [
        [
          {
            "node": "Check Next Page1",
            "type": "main",
            "index": 0
          }
        ]
      ]
    },
    "Get Posts1": {
      "main": [
        [
          {
            "node": "Code",
            "type": "main",
            "index": 0
          }
        ]
      ]
    },
    "Set Page = ": {
      "main": [
        [
          {
            "node": "Get Posts1",
            "type": "main",
            "index": 0
          }
        ]
      ]
    },
    "Manual Trigger": {
      "main": [
        [
          {
            "node": "Set Page = ",
            "type": "main",
            "index": 0
          }
        ]
      ]
    },
    "Done1": {
      "main": [
        [
          {
            "node": "Pinecone Vector Store1",
            "type": "main",
            "index": 0
          }
        ]
      ]
    },
    "Pinecone Vector Store1": {
      "main": [
        [
          {
            "node": "Wait",
            "type": "main",
            "index": 0
          }
        ]
      ]
    },
    "Wait": {
      "main": [
        [
          {
            "node": "Set Page = 1",
            "type": "main",
            "index": 0
          }
        ]
      ]
    },
    "Code1": {
      "main": [
        [
          {
            "node": "Merge Posts2",
            "type": "main",
            "index": 0
          }
        ]
      ]
    },
    "Recursive Character Text Splitter2": {
      "ai_textSplitter": [
        [
          {
            "node": "Default Data Loader2",
            "type": "ai_textSplitter",
            "index": 0
          }
        ]
      ]
    },
    "Embeddings OpenAI2": {
      "ai_embedding": [
        [
          {
            "node": "Pinecone Vector Store2",
            "type": "ai_embedding",
            "index": 0
          }
        ]
      ]
    },
    "Default Data Loader2": {
      "ai_document": [
        [
          {
            "node": "Pinecone Vector Store2",
            "type": "ai_document",
            "index": 0
          }
        ]
      ]
    },
    "Done2": {
      "main": [
        [
          {
            "node": "Pinecone Vector Store2",
            "type": "main",
            "index": 0
          }
        ]
      ]
    },
    "Increment Page2": {
      "main": [
        [
          {
            "node": "Get Posts2",
            "type": "main",
            "index": 0
          }
        ]
      ]
    },
    "Check Next Page2": {
      "main": [
        [
          {
            "node": "Increment Page2",
            "type": "main",
            "index": 0
          }
        ],
        [
          {
            "node": "Done2",
            "type": "main",
            "index": 0
          }
        ]
      ]
    },
    "Merge Posts2": {
      "main": [
        [
          {
            "node": "Check Next Page2",
            "type": "main",
            "index": 0
          }
        ]
      ]
    },
    "Get Posts2": {
      "main": [
        [
          {
            "node": "Code1",
            "type": "main",
            "index": 0
          }
        ]
      ]
    },
    "Set Page = 2": {
      "main": [
        [
          {
            "node": "Get Posts2",
            "type": "main",
            "index": 0
          }
        ]
      ]
    }
  },
  "settings": {
    "executionOrder": "v1"
  },
  "staticData": null,
  "pinData": {},
  "triggerCount": 1,
  "meta": {
    "templateCredsSetupCompleted": true
  }
}